[
  {
    "name": "Mac",
    "age": "4",
    "description": "A dog that acts like a cat",
    "image_url": "http://placecorgi.com/300/180"
  },
  {
    "name": "Walter",
    "age": "5",
    "description": "The best boy",
    "image_url": "http://placecorgi.com/250"
  },
  {
    "name": "Zero",
    "age": "1",
    "description": "A kind soul",
    "image_url": "http://placecorgi.com/260"
  },
  {
    "name": "Dusty",
    "age": "2",
    "description": "Likes to roll around in the dirt",
    "image_url": "http://placecorgi.com/350"
  }
]

